,index,Score
0,0,0.5
1,1,0.5
2,2,0.5
3,3,0.5
4,4,0.5
5,5,0.5
6,6,1.0
7,7,1.0
8,8,1.0
9,9,1.0
10,10,0.5
11,11,1.0
12,12,0.5
13,13,0.5
14,14,0.5
15,15,0.5
16,16,0.5
17,17,1.0
18,18,1.0
19,19,0.5
20,20,1.0
21,21,1.0
22,22,1.0
23,23,0.5
24,24,0.5
25,25,0.5
26,26,0.0
27,27,0.0
28,28,0.0
29,29,0.5
30,30,0.0
31,31,0.5
32,32,0.0
33,33,0.5
34,34,1.0
35,35,1.0
36,36,1.0
37,37,1.0
38,38,0.5
39,39,0.5
40,40,0.5
41,41,0.5
42,42,0.5
43,43,0.5
44,44,0.5
45,45,0.5
46,46,0.5
47,47,1.0
48,48,0.0
49,49,0.0
50,50,0.5
51,51,0.5
52,52,0.5
53,53,0.5
54,54,0.5
55,55,0.5
56,56,0.5
57,57,0.5
58,58,0.5
59,59,0.5
60,60,1.0
61,61,0.5
62,62,0.5
63,63,0.5
64,64,0.5
65,65,0.5
66,66,1.0
67,67,0.5
68,68,0.5
69,69,0.5
70,70,0.5
71,71,0.5
72,72,0.0
73,73,0.5
74,74,0.5
75,75,0.5
76,76,0.5
77,77,0.5
78,78,0.5
79,79,0.0
80,80,0.0
81,81,1.0
82,82,1.0
83,83,1.0
84,84,0.5
85,85,0.5
86,86,0.5
87,87,1.0
88,88,1.0
89,89,1.0
90,90,0.5
91,91,0.5
92,92,0.5
93,93,1.0
94,94,0.5
95,95,1.0
96,96,0.5
97,97,0.5
98,98,0.5
99,99,0.5
100,100,1.0
101,101,1.0
102,102,0.5
103,103,0.5
104,104,0.5
105,105,1.0
106,106,0.0
107,107,0.5
108,108,0.5
109,109,0.5
110,110,0.5
111,111,0.0
112,112,0.5
113,113,0.5
114,114,0.0
115,115,0.5
116,116,1.0
117,117,1.0
118,118,0.5
119,119,1.0
120,120,0.5
121,121,0.5
122,122,0.5
123,123,1.0
124,124,0.5
125,125,0.5
126,126,1.0
127,127,0.5
128,128,0.5
129,129,1.0
130,130,0.5
131,131,0.5
132,132,0.5
133,133,1.0
134,134,0.5
135,135,0.5
136,136,0.5
137,137,0.0
138,138,0.5
139,139,0.5
140,140,1.0
141,141,0.5
142,142,0.5
143,143,0.5
144,144,0.5
145,145,0.5
146,146,0.5
147,147,0.5
148,148,0.5
149,149,0.5
150,150,0.5
151,151,0.5
152,152,0.5
153,153,0.0
154,154,0.5
155,155,0.0
156,156,1.0
157,157,0.5
158,158,0.5
159,159,0.5
160,160,0.5
161,161,0.5
162,162,1.0
163,163,0.5
164,164,0.5
165,165,0.5
166,166,1.0
167,167,1.0
168,168,0.5
169,169,1.0
170,170,1.0
171,171,1.0
172,172,1.0
173,173,0.0
174,174,0.0
175,175,0.0
176,176,0.0
177,177,0.0
178,178,0.5
179,179,0.0
180,180,0.5
181,181,0.5
182,182,0.0
183,183,0.5
184,184,0.0
185,185,0.0
186,186,0.0
187,187,0.0
188,188,1.0
189,189,0.5
190,190,0.5
191,191,0.5
192,192,0.5
193,193,0.5
194,194,0.5
195,195,0.5
196,196,0.5
197,197,0.5
198,198,0.0
199,199,0.0
200,200,0.0
201,201,0.0
202,202,0.5
203,203,0.0
204,204,1.0
205,205,0.5
206,206,0.5
207,207,0.5
208,208,0.5
209,209,1.0
210,210,1.0
211,211,0.5
212,212,0.0
213,213,0.5
214,214,0.5
215,215,0.5
216,216,1.0
217,217,0.5
218,218,1.0
219,219,0.5
220,220,0.5
221,221,0.5
222,222,0.5
223,223,0.5
224,224,1.0
225,225,0.5
226,226,0.5
227,227,0.5
228,228,0.5
229,229,0.5
230,230,0.5
231,231,0.5
232,232,1.0
233,233,0.5
234,234,1.0
235,235,1.0
236,236,0.5
237,237,1.0
238,238,0.5
239,239,0.5
240,240,0.5
241,241,0.5
242,242,0.5
243,243,1.0
244,244,0.5
245,245,0.5
246,246,0.5
247,247,1.0
248,248,0.0
249,249,1.0
250,250,0.5
251,251,0.5
252,252,0.5
253,253,0.5
254,254,1.0
255,255,1.0
256,256,0.5
257,257,0.5
258,258,0.5
259,259,1.0
260,260,1.0
261,261,0.5
262,262,0.5
263,263,0.5
264,264,0.5
265,265,0.5
266,266,0.5
267,267,1.0
268,268,0.0
269,269,0.5
270,270,1.0
271,271,0.5
272,272,0.5
273,273,0.5
274,274,0.5
275,275,0.5
276,276,0.0
277,277,0.5
278,278,1.0
279,279,0.5
280,280,0.5
281,281,0.5
282,282,0.5
283,283,0.5
284,284,1.0
285,285,0.5
286,286,0.5
287,287,0.5
288,288,1.0
289,289,0.0
290,290,0.5
291,291,0.5
292,292,0.0
293,293,0.5
294,294,1.0
295,295,0.5
296,296,0.5
297,297,0.5
298,298,0.0
299,299,0.0
300,300,0.0
301,301,1.0
302,302,1.0
303,303,0.0
304,304,0.0
305,305,0.0
306,306,0.5
307,307,0.5
308,308,0.5
309,309,0.5
310,310,1.0
311,311,1.0
312,312,1.0
313,313,0.5
314,314,0.5
315,315,0.5
316,316,0.5
317,317,1.0
318,318,0.5
319,319,1.0
320,320,0.5
321,321,1.0
322,322,0.5
323,323,0.5
324,324,0.5
325,325,0.5
326,326,0.5
327,327,0.0
328,328,0.0
329,329,0.5
330,330,0.5
331,331,0.5
332,332,0.0
333,333,0.5
334,334,1.0
335,335,0.5
336,336,1.0
337,337,0.5
338,338,1.0
339,339,0.5
340,340,0.5
341,341,0.5
342,342,0.5
343,343,0.5
344,344,1.0
345,345,0.5
346,346,1.0
347,347,1.0
348,348,0.5
349,349,0.5
350,350,1.0
351,351,0.5
352,352,0.5
353,353,0.5
354,354,0.0
355,355,1.0
356,356,1.0
357,357,1.0
358,358,0.5
359,359,0.0
360,360,0.5
361,361,0.5
362,362,0.5
363,363,1.0
364,364,0.5
365,365,0.5
366,366,1.0
367,367,1.0
368,368,1.0
369,369,0.5
370,370,0.5
371,371,1.0
372,372,0.5
373,373,1.0
374,374,1.0
375,375,0.5
376,376,0.5
377,377,0.5
378,378,0.5
379,379,0.5
380,380,0.5
381,381,0.5
382,382,0.5
383,383,0.5
384,384,0.0
385,385,0.5
386,386,1.0
387,387,0.5
388,388,0.5
389,389,0.5
390,390,0.0
391,391,0.5
392,392,1.0
393,393,1.0
394,394,1.0
395,395,0.5
396,396,0.5
397,397,0.0
398,398,0.5
399,399,0.5
400,400,1.0
401,401,0.5
402,402,0.5
403,403,1.0
404,404,1.0
405,405,0.5
406,406,0.5
407,407,0.5
408,408,0.5
409,409,1.0
410,410,0.5
411,411,0.5
412,412,1.0
413,413,0.5
414,414,0.5
415,415,1.0
416,416,1.0
417,417,0.5
418,418,0.5
419,419,1.0
420,420,1.0
421,421,0.5
422,422,0.5
423,423,0.5
424,424,0.5
425,425,1.0
426,426,1.0
427,427,1.0
428,428,1.0
429,429,1.0
430,430,0.5
431,431,1.0
432,432,0.5
433,433,1.0
434,434,1.0
435,435,0.5
436,436,1.0
437,437,0.5
438,438,0.5
439,439,0.0
440,440,0.5
441,441,1.0
442,442,1.0
443,443,0.5
444,444,0.5
445,445,1.0
446,446,1.0
447,447,0.5
448,448,1.0
449,449,0.5
450,450,1.0
451,451,1.0
452,452,0.5
453,453,0.5
454,454,1.0
455,455,1.0
456,456,1.0
457,457,0.5
458,458,0.5
459,459,0.5
460,460,0.5
461,461,0.5
462,462,0.0
463,463,0.0
464,464,0.5
465,465,0.5
466,466,0.5
467,467,0.5
468,468,0.5
469,469,0.5
470,470,0.5
471,471,0.0
472,472,0.5
473,473,0.0
474,474,0.5
475,475,1.0
476,476,0.0
477,477,0.0
478,478,0.0
479,479,0.0
480,480,0.5
481,481,0.5
482,482,0.5
483,483,1.0
484,484,0.5
485,485,0.5
486,486,0.5
487,487,1.0
488,488,0.5
489,489,0.5
490,490,0.5
491,491,0.0
492,492,0.5
493,493,0.5
494,494,0.5
495,495,0.5
496,496,0.5
497,497,0.0
498,498,1.0
499,499,0.5
500,500,0.0
501,501,0.0
502,502,0.0
503,503,1.0
504,504,0.5
505,505,0.5
506,506,0.5
507,507,0.5
508,508,0.5
509,509,1.0
510,510,0.5
511,511,0.5
512,512,0.5
513,513,0.5
514,514,0.5
515,515,0.0
516,516,0.5
517,517,0.0
518,518,0.5
519,519,0.5
520,520,1.0
521,521,0.5
522,522,0.5
523,523,0.5
524,524,0.5
525,525,0.0
526,526,0.0
527,527,0.5
528,528,1.0
529,529,0.5
530,530,0.5
531,531,0.5
532,532,0.5
533,533,0.0
534,534,0.5
535,535,1.0
536,536,1.0
537,537,1.0
538,538,0.5
539,539,0.5
540,540,0.5
541,541,0.5
542,542,0.5
543,543,1.0
544,544,0.5
545,545,0.5
546,546,0.5
547,547,0.5
548,548,0.0
549,549,1.0
550,550,1.0
551,551,0.5
552,552,0.5
553,553,1.0
554,554,1.0
555,555,0.5
556,556,0.5
557,557,0.5
558,558,0.5
559,559,0.5
560,560,0.5
561,561,0.5
562,562,0.5
563,563,1.0
564,564,0.5
565,565,1.0
566,566,1.0
567,567,1.0
568,568,0.5
569,569,0.5
570,570,0.5
571,571,0.5
572,572,0.5
573,573,0.0
574,574,0.0
575,575,1.0
576,576,0.5
577,577,0.5
578,578,1.0
579,579,0.5
580,580,0.5
581,581,0.0
582,582,0.5
583,583,0.0
584,584,0.5
585,585,0.5
586,586,0.5
587,587,0.5
588,588,0.5
589,589,0.0
590,590,1.0
591,591,1.0
592,592,1.0
593,593,0.5
594,594,0.0
595,595,1.0
596,596,0.5
597,597,0.5
598,598,0.5
599,599,0.0
600,600,0.0
601,601,0.5
602,602,0.0
603,603,1.0
604,604,1.0
605,605,1.0
606,606,0.5
607,607,1.0
608,608,0.5
609,609,0.5
610,610,0.5
611,611,0.5
612,612,1.0
613,613,0.5
614,614,0.5
615,615,1.0
616,616,0.5
617,617,1.0
618,618,0.5
619,619,0.5
620,620,0.5
621,621,0.5
622,622,1.0
623,623,0.5
624,624,0.5
625,625,0.5
626,626,0.5
627,627,0.5
628,628,1.0
629,629,0.5
630,630,0.5
631,631,1.0
632,632,0.5
633,633,0.5
634,634,0.5
635,635,0.5
636,636,0.5
637,637,0.5
638,638,0.5
639,639,0.5
640,640,1.0
641,641,0.5
642,642,0.5
643,643,0.5
644,644,0.5
645,645,0.5
646,646,1.0
647,647,0.5
648,648,0.5
649,649,0.5
650,650,1.0
651,651,0.0
652,652,0.0
653,653,0.5
654,654,0.5
655,655,0.5
656,656,0.5
657,657,0.5
658,658,1.0
659,659,1.0
660,660,1.0
661,661,0.5
662,662,0.5
663,663,0.0
664,664,0.5
665,665,0.0
666,666,0.5
667,667,0.5
668,668,0.5
669,669,0.0
670,670,0.5
671,671,0.5
672,672,0.5
673,673,0.5
674,674,0.5
675,675,0.0
676,676,1.0
677,677,1.0
678,678,0.5
679,679,0.5
680,680,0.5
681,681,0.5
682,682,0.5
683,683,0.5
684,684,0.5
685,685,0.5
686,686,0.0
687,687,0.5
688,688,0.5
689,689,1.0
690,690,0.0
691,691,0.5
692,692,0.0
693,693,0.5
694,694,1.0
695,695,0.5
696,696,1.0
697,697,0.5
698,698,0.5
699,699,0.5
700,700,1.0
701,701,0.5
702,702,0.5
703,703,0.5
704,704,0.5
705,705,0.5
706,706,1.0
707,707,1.0
708,708,0.5
709,709,1.0
710,710,1.0
711,711,0.5
712,712,0.5
713,713,0.5
714,714,1.0
715,715,0.0
716,716,0.5
717,717,0.5
718,718,1.0
719,719,0.5
720,720,0.0
721,721,0.0
722,722,0.0
723,723,1.0
724,724,0.0
725,725,1.0
726,726,0.5
727,727,0.0
728,728,0.5
729,729,0.5
730,730,0.5
731,731,1.0
732,732,0.5
733,733,0.0
734,734,0.5
735,735,0.0
736,736,0.5
737,737,0.5
738,738,1.0
739,739,1.0
740,740,0.5
741,741,0.5
742,742,0.5
743,743,0.0
744,744,0.5
745,745,0.5
746,746,0.5
747,747,0.0
748,748,0.0
749,749,0.5
750,750,0.5
751,751,0.5
752,752,0.5
753,753,0.5
754,754,0.5
755,755,0.5
756,756,0.5
757,757,0.5
758,758,0.5
759,759,1.0
760,760,0.5
761,761,1.0
762,762,0.5
763,763,0.5
764,764,0.5
765,765,0.5
766,766,0.5
767,767,0.5
768,768,1.0
769,769,0.5
770,770,0.0
771,771,0.5
772,772,0.0
773,773,0.5
774,774,0.5
775,775,1.0
776,776,0.5
777,777,0.5
778,778,0.5
779,779,1.0
780,780,0.0
781,781,0.5
782,782,1.0
783,783,1.0
784,784,0.5
785,785,0.5
786,786,0.0
787,787,0.0
788,788,0.0
789,789,0.5
790,790,0.5
791,791,0.5
792,792,1.0
793,793,1.0
794,794,0.5
795,795,1.0
796,796,0.5
797,797,0.5
798,798,0.5
799,799,0.5
800,800,0.5
801,801,0.0
802,802,0.5
803,803,0.0
804,804,1.0
805,805,0.5
806,806,0.5
807,807,1.0
808,808,0.5
809,809,0.5
810,810,0.5
811,811,0.5
812,812,0.5
813,813,0.5
814,814,0.5
815,815,0.5
816,816,1.0
817,817,0.5
818,818,0.5
819,819,0.0
820,820,0.5
821,821,0.0
822,822,0.5
823,823,0.5
824,824,1.0
825,825,0.5
826,826,0.5
827,827,0.5
828,828,1.0
829,829,0.5
830,830,0.5
831,831,0.5
832,832,0.5
833,833,0.5
834,834,0.5
835,835,0.0
836,836,0.5
837,837,0.5
838,838,0.5
839,839,0.5
840,840,1.0
841,841,0.5
842,842,0.5
843,843,0.5
844,844,1.0
845,845,1.0
846,846,0.5
847,847,1.0
848,848,1.0
849,849,0.5
850,850,0.0
851,851,0.5
852,852,0.5
853,853,0.5
854,854,0.5
855,855,0.0
856,856,0.5
857,857,0.0
858,858,1.0
859,859,0.5
860,860,0.5
861,861,0.5
862,862,0.5
863,863,1.0
864,864,1.0
865,865,0.5
866,866,0.5
867,867,0.5
868,868,0.5
869,869,0.5
870,870,0.5
871,871,0.5
872,872,0.5
873,873,1.0
874,874,0.0
875,875,0.5
876,876,1.0
877,877,1.0
878,878,1.0
879,879,0.5
880,880,0.5
881,881,0.5
882,882,0.5
883,883,0.5
884,884,0.5
885,885,0.5
886,886,0.5
887,887,1.0
888,888,0.5
889,889,0.5
890,890,0.5
891,891,1.0
892,892,0.5
893,893,0.5
894,894,1.0
895,895,0.0
896,896,0.5
897,897,0.0
898,898,1.0
899,899,1.0
900,900,1.0
901,901,0.5
902,902,0.5
903,903,0.5
904,904,0.5
905,905,0.5
906,906,1.0
907,907,1.0
908,908,1.0
909,909,0.5
910,910,0.5
911,911,1.0
912,912,0.0
913,913,0.0
914,914,0.5
915,915,1.0
916,916,0.5
917,917,0.5
918,918,0.5
919,919,1.0
920,920,1.0
921,921,0.5
922,922,1.0
923,923,0.5
924,924,1.0
925,925,0.5
926,926,1.0
927,927,0.5
928,928,0.5
929,929,0.5
930,930,0.5
931,931,1.0
932,932,1.0
933,933,1.0
934,934,0.5
935,935,1.0
936,936,1.0
937,937,0.5
938,938,0.5
939,939,0.5
940,940,1.0
941,941,0.5
942,942,0.5
943,943,0.5
944,944,0.0
945,945,0.0
946,946,0.5
947,947,0.5
948,948,1.0
949,949,0.5
950,950,0.5
951,951,1.0
952,952,0.0
953,953,0.5
954,954,0.5
955,955,1.0
956,956,0.5
957,957,0.5
958,958,0.5
959,959,0.5
960,960,0.5
961,961,0.5
962,962,1.0
963,963,1.0
964,964,1.0
965,965,0.5
966,966,0.5
967,967,0.0
968,968,0.5
969,969,0.5
970,970,1.0
971,971,0.5
972,972,1.0
973,973,1.0
974,974,1.0
975,975,1.0
976,976,0.5
977,977,1.0
978,978,1.0
979,979,1.0
980,980,0.5
981,981,0.5
982,982,0.5
983,983,0.0
984,984,0.5
985,985,0.0
986,986,0.0
987,987,0.0
988,988,0.5
989,989,0.0
990,990,0.0
991,991,0.5
992,992,1.0
993,993,0.5
994,994,1.0
995,995,0.5
996,996,0.5
997,997,0.5
998,998,0.5
999,999,1.0
1000,1000,0.5
1001,1001,0.5
1002,1002,0.5
1003,1003,0.5
1004,1004,1.0
1005,1005,0.5
1006,1006,1.0
1007,1007,0.5
1008,1008,1.0
1009,1009,0.5
1010,1010,1.0
1011,1011,0.0
1012,1012,0.5
1013,1013,0.0
1014,1014,1.0
1015,1015,1.0
1016,1016,1.0
1017,1017,1.0
1018,1018,1.0
1019,1019,0.5
1020,1020,0.5
1021,1021,0.5
1022,1022,0.5
1023,1023,1.0
1024,1024,1.0
1025,1025,0.0
1026,1026,0.0
1027,1027,0.0
1028,1028,0.5
1029,1029,1.0
1030,1030,0.5
1031,1031,0.5
1032,1032,1.0
1033,1033,0.5
1034,1034,0.5
1035,1035,0.5
1036,1036,1.0
1037,1037,0.5
1038,1038,0.5
1039,1039,1.0
1040,1040,0.5
1041,1041,1.0
1042,1042,0.5
1043,1043,0.0
1044,1044,1.0
1045,1045,0.5
1046,1046,0.5
1047,1047,1.0
1048,1048,0.5
1049,1049,0.5
1050,1050,0.5
1051,1051,0.5
1052,1052,1.0
1053,1053,1.0
1054,1054,1.0
1055,1055,0.5
1056,1056,0.5
1057,1057,0.5
1058,1058,1.0
1059,1059,0.5
1060,1060,1.0
1061,1061,1.0
1062,1062,1.0
1063,1063,0.5
1064,1064,0.5
1065,1065,0.5
1066,1066,1.0
1067,1067,1.0
1068,1068,1.0
1069,1069,1.0
1070,1070,1.0
1071,1071,0.0
1072,1072,0.5
1073,1073,0.5
1074,1074,0.5
1075,1075,0.5
1076,1076,0.5
1077,1077,0.5
1078,1078,0.5
1079,1079,0.5
1080,1080,0.5
1081,1081,0.5
1082,1082,0.5
1083,1083,0.5
1084,1084,0.5
1085,1085,0.5
1086,1086,0.5
1087,1087,1.0
1088,1088,0.5
1089,1089,1.0
1090,1090,0.5
1091,1091,0.5
1092,1092,0.5
1093,1093,0.5
1094,1094,0.5
1095,1095,0.5
1096,1096,0.5
1097,1097,1.0
1098,1098,0.5
1099,1099,1.0
1100,1100,0.5
1101,1101,0.5
1102,1102,0.5
1103,1103,1.0
1104,1104,1.0
1105,1105,0.5
1106,1106,1.0
1107,1107,1.0
1108,1108,0.5
1109,1109,1.0
1110,1110,0.5
1111,1111,1.0
1112,1112,0.5
1113,1113,1.0
1114,1114,0.5
1115,1115,0.5
1116,1116,1.0
1117,1117,0.5
1118,1118,0.5
1119,1119,0.5
1120,1120,0.5
1121,1121,0.5
1122,1122,0.5
1123,1123,0.5
1124,1124,1.0
1125,1125,0.5
1126,1126,0.5
1127,1127,0.0
1128,1128,0.0
1129,1129,0.5
1130,1130,0.5
1131,1131,1.0
1132,1132,0.5
1133,1133,0.5
1134,1134,0.5
1135,1135,1.0
1136,1136,1.0
1137,1137,1.0
1138,1138,1.0
1139,1139,0.5
1140,1140,0.5
1141,1141,0.5
1142,1142,0.5
1143,1143,0.5
1144,1144,0.5
1145,1145,0.5
1146,1146,1.0
1147,1147,0.5
1148,1148,0.5
1149,1149,0.5
1150,1150,0.5
1151,1151,0.5
1152,1152,0.0
1153,1153,0.5
1154,1154,0.5
1155,1155,0.5
1156,1156,1.0
1157,1157,1.0
1158,1158,1.0
1159,1159,0.5
1160,1160,0.5
1161,1161,0.5
1162,1162,0.5
1163,1163,1.0
1164,1164,0.5
1165,1165,0.5
1166,1166,0.5
1167,1167,0.5
1168,1168,0.5
1169,1169,0.5
1170,1170,0.5
1171,1171,0.5
1172,1172,1.0
1173,1173,0.5
1174,1174,1.0
1175,1175,1.0
1176,1176,0.5
1177,1177,0.5
1178,1178,0.5
1179,1179,0.5
1180,1180,1.0
1181,1181,0.0
1182,1182,0.0
1183,1183,0.5
1184,1184,0.5
1185,1185,1.0
1186,1186,0.5
1187,1187,0.5
1188,1188,0.5
1189,1189,0.5
1190,1190,1.0
1191,1191,0.5
1192,1192,0.5
1193,1193,0.5
1194,1194,0.0
1195,1195,0.0
1196,1196,0.5
1197,1197,1.0
1198,1198,0.5
1199,1199,1.0
1200,1200,0.5
1201,1201,0.0
1202,1202,0.5
1203,1203,1.0
1204,1204,1.0
1205,1205,0.5
1206,1206,0.5
1207,1207,0.5
1208,1208,1.0
1209,1209,1.0
1210,1210,0.5
1211,1211,0.5
1212,1212,0.0
1213,1213,0.5
1214,1214,0.0
1215,1215,0.5
1216,1216,1.0
1217,1217,1.0
1218,1218,1.0
1219,1219,1.0
1220,1220,1.0
1221,1221,0.5
1222,1222,1.0
1223,1223,0.5
1224,1224,1.0
1225,1225,0.5
1226,1226,0.5
1227,1227,0.5
1228,1228,1.0
1229,1229,0.5
1230,1230,1.0
1231,1231,1.0
1232,1232,0.0
1233,1233,0.0
1234,1234,0.5
1235,1235,0.0
1236,1236,1.0
1237,1237,1.0
1238,1238,0.5
1239,1239,1.0
1240,1240,1.0
1241,1241,0.0
1242,1242,0.5
1243,1243,0.5
1244,1244,1.0
1245,1245,1.0
1246,1246,0.5
1247,1247,1.0
1248,1248,1.0
1249,1249,0.0
1250,1250,0.5
1251,1251,0.0
1252,1252,0.0
1253,1253,0.5
1254,1254,0.0
1255,1255,0.5
1256,1256,0.5
1257,1257,1.0
1258,1258,0.5
1259,1259,0.5
1260,1260,0.5
1261,1261,0.5
1262,1262,0.5
1263,1263,1.0
1264,1264,1.0
1265,1265,0.5
1266,1266,0.5
1267,1267,0.5
1268,1268,0.5
1269,1269,0.5
1270,1270,0.5
1271,1271,0.5
1272,1272,1.0
1273,1273,0.5
1274,1274,1.0
1275,1275,0.5
1276,1276,1.0
1277,1277,1.0
1278,1278,1.0
1279,1279,1.0
1280,1280,1.0
1281,1281,1.0
1282,1282,1.0
1283,1283,0.5
1284,1284,0.0
1285,1285,0.5
1286,1286,1.0
1287,1287,0.5
1288,1288,1.0
1289,1289,0.5
1290,1290,1.0
1291,1291,1.0
1292,1292,1.0
1293,1293,0.5
1294,1294,1.0
1295,1295,0.0
1296,1296,1.0
1297,1297,0.5
1298,1298,0.5
1299,1299,0.5
1300,1300,0.5
1301,1301,1.0
1302,1302,0.5
1303,1303,1.0
1304,1304,0.5
1305,1305,0.5
1306,1306,0.5
1307,1307,1.0
1308,1308,1.0
1309,1309,0.5
1310,1310,0.5
1311,1311,1.0
1312,1312,1.0
1313,1313,0.5
1314,1314,0.5
1315,1315,0.5
1316,1316,0.0
1317,1317,0.0
1318,1318,0.5
1319,1319,0.5
1320,1320,0.5
1321,1321,0.5
1322,1322,1.0
1323,1323,1.0
1324,1324,1.0
1325,1325,1.0
1326,1326,0.5
1327,1327,0.5
1328,1328,1.0
1329,1329,0.5
1330,1330,0.5
1331,1331,0.5
1332,1332,0.5
1333,1333,0.5
1334,1334,0.5
1335,1335,0.5
1336,1336,0.5
1337,1337,0.5
1338,1338,0.0
1339,1339,0.5
1340,1340,0.5
1341,1341,0.0
1342,1342,0.0
1343,1343,0.5
1344,1344,0.5
1345,1345,0.5
1346,1346,0.5
1347,1347,0.5
1348,1348,0.5
1349,1349,1.0
1350,1350,0.5
1351,1351,0.5
1352,1352,0.5
1353,1353,0.5
1354,1354,0.5
1355,1355,0.5
1356,1356,0.5
1357,1357,0.5
1358,1358,0.0
1359,1359,0.5
1360,1360,0.0
1361,1361,0.5
1362,1362,0.5
1363,1363,0.5
1364,1364,0.5
1365,1365,0.5
1366,1366,0.5
1367,1367,0.5
1368,1368,0.5
1369,1369,0.5
1370,1370,0.5
1371,1371,1.0
1372,1372,0.5
1373,1373,0.5
1374,1374,0.5
1375,1375,0.0
1376,1376,0.0
1377,1377,0.5
1378,1378,0.5
1379,1379,0.5
1380,1380,0.5
1381,1381,0.5
1382,1382,0.5
1383,1383,0.5
1384,1384,0.5
1385,1385,0.5
1386,1386,1.0
1387,1387,0.5
1388,1388,0.5
1389,1389,0.5
1390,1390,0.5
1391,1391,0.5
1392,1392,0.5
1393,1393,1.0
1394,1394,1.0
1395,1395,0.5
1396,1396,0.5
1397,1397,0.5
1398,1398,0.5
1399,1399,0.5
1400,1400,0.0
1401,1401,0.5
1402,1402,1.0
1403,1403,1.0
1404,1404,1.0
1405,1405,0.0
1406,1406,0.5
1407,1407,0.5
1408,1408,1.0
1409,1409,0.0
1410,1410,0.0
1411,1411,0.5
1412,1412,1.0
1413,1413,0.5
1414,1414,0.5
1415,1415,0.5
1416,1416,0.5
1417,1417,0.5
1418,1418,0.5
1419,1419,0.5
1420,1420,0.5
1421,1421,0.5
1422,1422,0.5
1423,1423,0.5
1424,1424,0.5
1425,1425,1.0
1426,1426,0.5
1427,1427,1.0
1428,1428,0.0
1429,1429,0.5
1430,1430,0.0
1431,1431,0.5
1432,1432,0.5
1433,1433,0.5
1434,1434,1.0
1435,1435,0.5
1436,1436,0.5
1437,1437,1.0
1438,1438,0.5
1439,1439,0.5
1440,1440,1.0
1441,1441,0.5
1442,1442,0.5
1443,1443,0.5
1444,1444,0.5
1445,1445,0.5
1446,1446,1.0
1447,1447,1.0
1448,1448,0.5
1449,1449,0.0
1450,1450,0.5
1451,1451,0.5
1452,1452,0.5
1453,1453,1.0
1454,1454,1.0
1455,1455,1.0
1456,1456,1.0
1457,1457,0.5
1458,1458,0.5
1459,1459,0.5
1460,1460,0.5
1461,1461,0.0
1462,1462,0.5
1463,1463,1.0
1464,1464,1.0
1465,1465,0.5
1466,1466,0.5
1467,1467,0.5
1468,1468,0.5
1469,1469,0.5
1470,1470,0.5
1471,1471,1.0
1472,1472,1.0
1473,1473,1.0
1474,1474,0.5
1475,1475,1.0
1476,1476,0.5
1477,1477,0.5
1478,1478,1.0
1479,1479,0.5
1480,1480,0.5
1481,1481,0.5
1482,1482,1.0
1483,1483,0.5
1484,1484,0.5
1485,1485,0.5
1486,1486,0.5
1487,1487,0.5
1488,1488,0.5
1489,1489,0.0
1490,1490,0.5
1491,1491,0.5
1492,1492,0.5
1493,1493,0.5
1494,1494,0.0
1495,1495,0.5
1496,1496,0.5
1497,1497,0.5
1498,1498,0.5
1499,1499,0.5
1500,1500,0.5
1501,1501,0.5
1502,1502,0.5
1503,1503,0.5
1504,1504,1.0
1505,1505,0.5
1506,1506,0.5
1507,1507,0.5
1508,1508,0.0
1509,1509,0.5
1510,1510,1.0
1511,1511,0.5
1512,1512,0.5
1513,1513,0.5
1514,1514,0.0
1515,1515,0.5
1516,1516,0.5
1517,1517,0.5
1518,1518,0.5
1519,1519,1.0
1520,1520,0.5
1521,1521,1.0
1522,1522,1.0
1523,1523,0.5
1524,1524,0.5
1525,1525,0.5
1526,1526,0.5
1527,1527,0.0
1528,1528,1.0
1529,1529,0.5
1530,1530,0.0
1531,1531,0.5
1532,1532,0.5
1533,1533,1.0
1534,1534,0.5
1535,1535,1.0
1536,1536,0.5
1537,1537,0.0
1538,1538,0.0
1539,1539,0.0
1540,1540,0.5
1541,1541,0.5
1542,1542,0.5
1543,1543,0.5
1544,1544,0.5
1545,1545,0.5
1546,1546,0.5
1547,1547,1.0
1548,1548,0.5
1549,1549,1.0
1550,1550,1.0
1551,1551,1.0
1552,1552,0.5
1553,1553,0.5
1554,1554,0.5
1555,1555,1.0
1556,1556,1.0
1557,1557,1.0
1558,1558,1.0
1559,1559,0.5
1560,1560,0.5
1561,1561,0.0
1562,1562,0.5
1563,1563,0.5
1564,1564,0.0
1565,1565,0.5
1566,1566,0.5
1567,1567,0.5
1568,1568,0.5
1569,1569,0.0
1570,1570,0.5
1571,1571,0.5
1572,1572,0.5
1573,1573,0.5
1574,1574,0.5
1575,1575,0.5
1576,1576,1.0
1577,1577,1.0
1578,1578,0.5
1579,1579,0.5
1580,1580,1.0
1581,1581,0.5
1582,1582,1.0
1583,1583,0.5
1584,1584,1.0
1585,1585,0.5
1586,1586,1.0
1587,1587,1.0
1588,1588,0.5
1589,1589,0.5
1590,1590,0.5
1591,1591,0.5
1592,1592,0.5
1593,1593,0.5
1594,1594,0.5
1595,1595,0.5
1596,1596,1.0
1597,1597,1.0
1598,1598,0.5
1599,1599,0.0
1600,1600,0.5
1601,1601,1.0
1602,1602,0.5
1603,1603,1.0
1604,1604,0.0
1605,1605,0.5
1606,1606,0.5
1607,1607,1.0
1608,1608,1.0
1609,1609,0.5
1610,1610,0.5
1611,1611,0.5
1612,1612,1.0
1613,1613,1.0
1614,1614,1.0
1615,1615,0.5
1616,1616,0.5
1617,1617,1.0
1618,1618,1.0
1619,1619,0.5
1620,1620,0.5
1621,1621,0.5
1622,1622,0.5
1623,1623,1.0
1624,1624,0.5
1625,1625,0.5
1626,1626,0.5
1627,1627,0.5
1628,1628,0.5
1629,1629,0.5
1630,1630,1.0
1631,1631,1.0
1632,1632,0.5
1633,1633,1.0
1634,1634,0.0
1635,1635,1.0
1636,1636,0.5
1637,1637,1.0
1638,1638,0.5
1639,1639,1.0
1640,1640,1.0
1641,1641,0.0
1642,1642,0.5
1643,1643,0.5
1644,1644,1.0
1645,1645,0.5
1646,1646,0.5
1647,1647,0.5
1648,1648,0.5
1649,1649,0.5
1650,1650,0.5
1651,1651,1.0
1652,1652,1.0
1653,1653,0.0
1654,1654,0.5
1655,1655,0.5
1656,1656,1.0
1657,1657,0.5
1658,1658,0.5
1659,1659,1.0
1660,1660,1.0
1661,1661,0.5
1662,1662,0.5
1663,1663,0.5
1664,1664,0.5
1665,1665,0.5
1666,1666,0.0
1667,1667,0.5
1668,1668,0.5
1669,1669,0.5
1670,1670,0.5
1671,1671,0.5
1672,1672,0.5
1673,1673,1.0
1674,1674,0.5
1675,1675,0.5
1676,1676,1.0
1677,1677,1.0
1678,1678,0.5
1679,1679,0.5
1680,1680,0.5
1681,1681,0.5
1682,1682,0.5
1683,1683,1.0
1684,1684,0.5
1685,1685,0.5
1686,1686,0.5
1687,1687,1.0
1688,1688,1.0
1689,1689,1.0
1690,1690,0.5
1691,1691,0.5
1692,1692,1.0
1693,1693,0.0
1694,1694,0.5
1695,1695,0.0
1696,1696,0.5
1697,1697,0.5
1698,1698,0.0
1699,1699,0.5
1700,1700,1.0
1701,1701,0.5
1702,1702,0.5
1703,1703,1.0
1704,1704,1.0
1705,1705,0.5
1706,1706,0.5
1707,1707,1.0
1708,1708,0.5
1709,1709,1.0
1710,1710,0.5
1711,1711,0.5
1712,1712,0.5
1713,1713,0.5
1714,1714,0.5
1715,1715,1.0
1716,1716,1.0
1717,1717,0.5
1718,1718,0.0
1719,1719,1.0
1720,1720,1.0
1721,1721,0.5
1722,1722,0.5
1723,1723,0.5
1724,1724,0.5
1725,1725,0.5
1726,1726,0.5
1727,1727,0.5
1728,1728,0.5
1729,1729,0.5
1730,1730,0.5
1731,1731,0.5
1732,1732,0.5
1733,1733,0.5
1734,1734,0.5
1735,1735,0.5
1736,1736,0.5
1737,1737,0.5
1738,1738,0.5
1739,1739,0.5
1740,1740,0.5
1741,1741,0.0
1742,1742,1.0
1743,1743,1.0
1744,1744,0.5
1745,1745,0.5
1746,1746,0.5
1747,1747,0.5
1748,1748,0.5
1749,1749,1.0
1750,1750,1.0
1751,1751,1.0
1752,1752,0.5
1753,1753,1.0
1754,1754,1.0
1755,1755,1.0
1756,1756,1.0
1757,1757,0.5
1758,1758,0.5
1759,1759,0.5
1760,1760,0.5
1761,1761,0.5
1762,1762,0.5
1763,1763,1.0
1764,1764,0.5
1765,1765,0.0
1766,1766,0.5
1767,1767,0.5
1768,1768,0.5
1769,1769,0.5
1770,1770,0.5
1771,1771,0.0
1772,1772,0.0
1773,1773,1.0
1774,1774,1.0
1775,1775,1.0
1776,1776,0.5
1777,1777,0.5
1778,1778,0.5
1779,1779,0.5
1780,1780,0.5
1781,1781,0.5
1782,1782,1.0
1783,1783,0.5
1784,1784,0.5
1785,1785,0.5
1786,1786,1.0
1787,1787,0.0
1788,1788,0.5
1789,1789,1.0
1790,1790,0.5
1791,1791,0.5
1792,1792,0.5
1793,1793,0.5
1794,1794,0.5
1795,1795,1.0
1796,1796,0.5
1797,1797,0.5
1798,1798,0.5
1799,1799,0.5
1800,1800,0.5
1801,1801,0.5
1802,1802,1.0
1803,1803,1.0
1804,1804,0.5
1805,1805,1.0
1806,1806,1.0
1807,1807,0.5
1808,1808,0.5
1809,1809,0.5
1810,1810,1.0
1811,1811,0.5
1812,1812,0.5
1813,1813,0.5
1814,1814,0.5
1815,1815,0.5
1816,1816,0.0
1817,1817,0.0
1818,1818,0.5
1819,1819,0.5
1820,1820,0.0
1821,1821,1.0
1822,1822,1.0
1823,1823,0.5
1824,1824,1.0
1825,1825,0.5
1826,1826,0.5
1827,1827,1.0
1828,1828,0.0
1829,1829,0.5
1830,1830,0.5
1831,1831,0.5
1832,1832,0.5
1833,1833,0.5
1834,1834,0.5
1835,1835,0.5
1836,1836,0.5
1837,1837,0.5
1838,1838,0.0
1839,1839,0.0
1840,1840,0.5
1841,1841,1.0
1842,1842,1.0
1843,1843,1.0
1844,1844,1.0
1845,1845,0.0
1846,1846,0.5
1847,1847,0.0
1848,1848,1.0
1849,1849,0.5
1850,1850,0.5
1851,1851,1.0
1852,1852,0.5
1853,1853,0.5
1854,1854,1.0
1855,1855,0.5
1856,1856,1.0
1857,1857,0.5
1858,1858,0.5
1859,1859,0.5
1860,1860,0.5
1861,1861,0.5
1862,1862,0.5
1863,1863,0.5
1864,1864,0.5
1865,1865,0.5
1866,1866,0.5
1867,1867,0.5
1868,1868,0.5
1869,1869,0.5
1870,1870,0.5
1871,1871,0.5
1872,1872,0.5
1873,1873,0.5
1874,1874,0.5
1875,1875,0.5
1876,1876,0.0
1877,1877,0.5
1878,1878,1.0
1879,1879,1.0
1880,1880,0.0
1881,1881,0.0
1882,1882,0.5
1883,1883,1.0
1884,1884,0.5
1885,1885,0.5
1886,1886,0.0
1887,1887,0.5
1888,1888,0.5
1889,1889,0.0
1890,1890,0.5
1891,1891,0.0
1892,1892,0.5
1893,1893,0.5
1894,1894,0.5
1895,1895,0.5
1896,1896,0.5
1897,1897,0.5
1898,1898,0.0
1899,1899,0.5
1900,1900,1.0
1901,1901,0.5
1902,1902,0.5
1903,1903,1.0
1904,1904,0.5
1905,1905,0.5
1906,1906,0.5
1907,1907,0.5
1908,1908,0.5
1909,1909,0.5
1910,1910,0.5
1911,1911,0.5
1912,1912,0.5
1913,1913,0.5
1914,1914,0.5
1915,1915,1.0
1916,1916,0.5
1917,1917,0.5
1918,1918,0.5
1919,1919,0.5
1920,1920,0.5
1921,1921,0.5
1922,1922,0.5
1923,1923,0.5
1924,1924,0.5
1925,1925,0.5
1926,1926,0.5
1927,1927,0.5
1928,1928,0.5
1929,1929,1.0
1930,1930,0.5
1931,1931,0.5
1932,1932,0.5
1933,1933,0.5
1934,1934,0.5
1935,1935,1.0
1936,1936,0.5
1937,1937,0.5
1938,1938,0.0
1939,1939,0.0
1940,1940,0.5
1941,1941,0.5
1942,1942,1.0
1943,1943,0.5
1944,1944,0.0
1945,1945,0.5
1946,1946,0.5
1947,1947,0.0
1948,1948,0.5
1949,1949,0.5
1950,1950,0.5
1951,1951,1.0
1952,1952,1.0
1953,1953,0.5
1954,1954,0.5
1955,1955,0.5
1956,1956,0.5
1957,1957,0.5
1958,1958,0.5
1959,1959,0.5
1960,1960,0.5
1961,1961,1.0
1962,1962,1.0
1963,1963,0.5
1964,1964,0.0
1965,1965,0.0
1966,1966,0.0
1967,1967,0.5
1968,1968,0.5
1969,1969,0.5
1970,1970,0.5
1971,1971,0.5
1972,1972,0.5
1973,1973,0.5
1974,1974,0.5
1975,1975,0.5
1976,1976,1.0
1977,1977,1.0
1978,1978,1.0
1979,1979,1.0
1980,1980,1.0
1981,1981,0.5
1982,1982,0.5
1983,1983,0.5
1984,1984,1.0
1985,1985,0.5
1986,1986,0.5
1987,1987,0.5
1988,1988,0.5
1989,1989,0.5
1990,1990,0.5
1991,1991,0.5
1992,1992,1.0
1993,1993,0.5
1994,1994,0.5
1995,1995,1.0
1996,1996,0.5
1997,1997,0.5
1998,1998,1.0
1999,1999,0.5
2000,2000,0.5
2001,2001,0.0
2002,2002,0.0
2003,2003,0.0
2004,2004,0.5
2005,2005,0.5
2006,2006,0.5
2007,2007,1.0
2008,2008,0.5
2009,2009,0.5
2010,2010,0.5
2011,2011,0.0
2012,2012,0.5
2013,2013,0.5
2014,2014,0.5
2015,2015,1.0
2016,2016,0.5
2017,2017,0.5
2018,2018,0.5
2019,2019,0.5
2020,2020,1.0
2021,2021,1.0
2022,2022,0.5
2023,2023,0.5
2024,2024,1.0
2025,2025,1.0
2026,2026,1.0
2027,2027,1.0
2028,2028,0.5
2029,2029,1.0
2030,2030,1.0
2031,2031,1.0
2032,2032,0.5
2033,2033,0.5
2034,2034,1.0
2035,2035,0.5
2036,2036,0.5
2037,2037,0.5
2038,2038,1.0
2039,2039,0.5
2040,2040,0.5
2041,2041,0.5
2042,2042,0.0
2043,2043,0.5
2044,2044,1.0
2045,2045,0.0
2046,2046,0.0
2047,2047,0.5
2048,2048,0.5
2049,2049,0.5
2050,2050,0.0
2051,2051,0.5
2052,2052,0.5
2053,2053,0.5
2054,2054,0.5
2055,2055,0.5
2056,2056,0.5
2057,2057,0.5
2058,2058,1.0
2059,2059,0.5
2060,2060,0.5
2061,2061,0.5
2062,2062,0.5
2063,2063,0.5
2064,2064,0.5
2065,2065,0.5
2066,2066,0.5
2067,2067,0.5
2068,2068,0.5
2069,2069,0.5
2070,2070,1.0
2071,2071,0.5
2072,2072,0.5
2073,2073,0.0
2074,2074,0.5
2075,2075,0.5
2076,2076,0.0
2077,2077,0.5
2078,2078,1.0
2079,2079,0.5
2080,2080,0.5
2081,2081,0.5
2082,2082,0.5
2083,2083,0.5
2084,2084,0.0
2085,2085,1.0
2086,2086,0.5
2087,2087,0.5
2088,2088,0.0
2089,2089,0.5
2090,2090,0.5
2091,2091,0.5
2092,2092,1.0
2093,2093,0.5
2094,2094,0.5
2095,2095,0.0
2096,2096,1.0
2097,2097,1.0
2098,2098,0.5
2099,2099,0.5
2100,2100,1.0
2101,2101,0.5
2102,2102,0.5
2103,2103,0.5
2104,2104,0.5
2105,2105,0.5
2106,2106,1.0
2107,2107,0.5
2108,2108,0.0
2109,2109,0.5
2110,2110,0.0
2111,2111,0.0
2112,2112,0.5
2113,2113,0.5
2114,2114,0.5
2115,2115,0.5
2116,2116,1.0
2117,2117,0.5
2118,2118,0.5
2119,2119,0.5
2120,2120,1.0
2121,2121,0.5
2122,2122,0.5
2123,2123,0.5
2124,2124,0.5
2125,2125,0.5
2126,2126,1.0
2127,2127,0.5
2128,2128,1.0
2129,2129,0.5
2130,2130,0.5
2131,2131,0.5
2132,2132,0.5
2133,2133,0.0
2134,2134,0.0
2135,2135,0.0
2136,2136,0.5
2137,2137,0.5
2138,2138,0.5
2139,2139,0.0
2140,2140,0.5
2141,2141,0.5
2142,2142,0.5
2143,2143,0.5
2144,2144,1.0
2145,2145,0.5
2146,2146,0.5
2147,2147,0.5
2148,2148,1.0
2149,2149,0.5
2150,2150,1.0
2151,2151,0.5
2152,2152,0.5
2153,2153,1.0
2154,2154,0.5
2155,2155,0.5
2156,2156,1.0
2157,2157,1.0
2158,2158,1.0
2159,2159,0.5
2160,2160,0.5
2161,2161,0.5
2162,2162,1.0
2163,2163,0.5
2164,2164,0.5
2165,2165,0.0
2166,2166,0.5
2167,2167,0.5
2168,2168,0.0
2169,2169,0.5
2170,2170,0.5
2171,2171,0.5
2172,2172,0.5
2173,2173,0.5
2174,2174,1.0
2175,2175,0.5
2176,2176,0.5
2177,2177,0.5
2178,2178,1.0
2179,2179,1.0
2180,2180,0.5
2181,2181,0.5
2182,2182,0.5
2183,2183,0.0
2184,2184,0.5
2185,2185,0.5
2186,2186,0.5
2187,2187,0.5
2188,2188,0.5
2189,2189,0.5
2190,2190,0.5
2191,2191,0.5
2192,2192,0.5
2193,2193,0.5
2194,2194,0.5
2195,2195,0.5
2196,2196,0.5
2197,2197,0.5
2198,2198,0.5
2199,2199,0.5
2200,2200,0.5
2201,2201,0.5
2202,2202,0.5
2203,2203,0.5
2204,2204,0.5
2205,2205,1.0
2206,2206,0.5
2207,2207,0.5
2208,2208,0.5
2209,2209,0.5
2210,2210,0.5
2211,2211,0.5
2212,2212,0.5
2213,2213,0.0
2214,2214,0.5
2215,2215,1.0
2216,2216,0.5
2217,2217,0.5
2218,2218,0.5
2219,2219,0.5
2220,2220,0.5
2221,2221,0.5
2222,2222,0.5
2223,2223,0.5
2224,2224,0.5
2225,2225,0.5
2226,2226,0.5
2227,2227,1.0
2228,2228,1.0
2229,2229,1.0
2230,2230,1.0
2231,2231,0.0
2232,2232,0.5
2233,2233,0.5
2234,2234,1.0
2235,2235,0.5
2236,2236,0.5
2237,2237,1.0
2238,2238,0.5
2239,2239,1.0
2240,2240,0.5
2241,2241,0.5
2242,2242,1.0
2243,2243,0.5
2244,2244,0.5
2245,2245,0.5
2246,2246,0.5
2247,2247,1.0
2248,2248,0.5
2249,2249,0.5
2250,2250,0.5
2251,2251,1.0
2252,2252,0.5
2253,2253,0.5
2254,2254,1.0
2255,2255,0.5
2256,2256,0.5
2257,2257,0.5
2258,2258,0.5
2259,2259,0.5
2260,2260,0.5
2261,2261,0.5
2262,2262,1.0
2263,2263,1.0
2264,2264,1.0
2265,2265,0.5
2266,2266,1.0
2267,2267,0.5
2268,2268,0.5
2269,2269,1.0
2270,2270,0.5
2271,2271,0.5
2272,2272,0.5
2273,2273,0.5
2274,2274,0.5
2275,2275,1.0
2276,2276,1.0
2277,2277,0.5
2278,2278,1.0
2279,2279,1.0
2280,2280,1.0
2281,2281,1.0
2282,2282,1.0
2283,2283,0.5
2284,2284,1.0
2285,2285,1.0
2286,2286,0.5
2287,2287,0.5
2288,2288,1.0
2289,2289,1.0
2290,2290,1.0
2291,2291,0.5
2292,2292,0.5
2293,2293,0.5
2294,2294,0.5
2295,2295,0.5
2296,2296,0.5
2297,2297,1.0
2298,2298,1.0
2299,2299,0.5
2300,2300,1.0
2301,2301,0.5
2302,2302,1.0
2303,2303,0.5
2304,2304,0.5
2305,2305,0.5
2306,2306,0.5
2307,2307,1.0
2308,2308,1.0
2309,2309,0.5
2310,2310,0.5
2311,2311,0.5
2312,2312,0.5
2313,2313,0.5
2314,2314,1.0
2315,2315,1.0
2316,2316,0.5
2317,2317,0.5
2318,2318,0.5
2319,2319,0.5
2320,2320,0.5
2321,2321,0.5
2322,2322,0.0
2323,2323,0.5
2324,2324,1.0
2325,2325,0.5
2326,2326,0.5
2327,2327,1.0
2328,2328,0.5
2329,2329,0.5
2330,2330,0.5
2331,2331,0.5
2332,2332,0.5
2333,2333,0.5
2334,2334,0.5
2335,2335,1.0
2336,2336,0.5
2337,2337,0.5
2338,2338,0.5
2339,2339,0.0
2340,2340,0.5
2341,2341,0.5
2342,2342,0.5
2343,2343,1.0
2344,2344,0.5
2345,2345,1.0
2346,2346,1.0
2347,2347,1.0
2348,2348,1.0
2349,2349,0.5
2350,2350,1.0
2351,2351,0.5
2352,2352,1.0
2353,2353,0.5
2354,2354,0.0
2355,2355,1.0
2356,2356,0.5
2357,2357,0.5
2358,2358,0.5
2359,2359,1.0
2360,2360,0.5
2361,2361,0.5
2362,2362,0.5
2363,2363,1.0
2364,2364,1.0
2365,2365,0.5
2366,2366,0.5
2367,2367,1.0
2368,2368,0.5
2369,2369,0.5
2370,2370,0.5
2371,2371,0.5
2372,2372,0.5
2373,2373,0.5
2374,2374,0.5
2375,2375,0.5
2376,2376,0.5
2377,2377,0.5
2378,2378,0.5
2379,2379,0.5
2380,2380,0.0
2381,2381,0.5
2382,2382,0.5
2383,2383,1.0
2384,2384,0.5
2385,2385,0.5
2386,2386,0.5
2387,2387,0.5
2388,2388,0.5
2389,2389,0.5
2390,2390,0.5
2391,2391,1.0
2392,2392,0.5
2393,2393,0.5
2394,2394,0.5
2395,2395,0.5
2396,2396,0.5
2397,2397,0.5
2398,2398,0.5
2399,2399,0.5
2400,2400,0.5
2401,2401,0.5
2402,2402,0.0
2403,2403,0.5
2404,2404,0.5
2405,2405,1.0
2406,2406,0.5
2407,2407,1.0
2408,2408,1.0
2409,2409,0.5
2410,2410,0.5
2411,2411,0.5
2412,2412,0.5
2413,2413,1.0
2414,2414,0.5
2415,2415,1.0
2416,2416,1.0
2417,2417,0.0
2418,2418,0.5
2419,2419,1.0
2420,2420,1.0
2421,2421,1.0
2422,2422,1.0
2423,2423,1.0
2424,2424,1.0
2425,2425,0.5
2426,2426,0.0
2427,2427,1.0
2428,2428,1.0
2429,2429,0.5
2430,2430,0.5
2431,2431,1.0
2432,2432,0.5
2433,2433,0.5
2434,2434,1.0
2435,2435,1.0
2436,2436,0.5
2437,2437,0.5
2438,2438,0.5
2439,2439,1.0
2440,2440,1.0
2441,2441,1.0
2442,2442,1.0
2443,2443,0.0
2444,2444,0.5
2445,2445,1.0
2446,2446,0.5
2447,2447,1.0
2448,2448,1.0
2449,2449,0.5
2450,2450,0.5
2451,2451,0.5
2452,2452,0.5
2453,2453,1.0
2454,2454,0.0
2455,2455,0.0
2456,2456,0.5
2457,2457,0.0
2458,2458,0.5
2459,2459,0.5
2460,2460,0.5
2461,2461,0.5
2462,2462,1.0
2463,2463,0.5
2464,2464,0.5
2465,2465,0.5
2466,2466,0.5
2467,2467,0.5
2468,2468,0.5
2469,2469,0.5
2470,2470,0.5
2471,2471,0.5
2472,2472,0.5
2473,2473,0.5
2474,2474,1.0
2475,2475,0.5
2476,2476,0.5
2477,2477,0.5
2478,2478,0.5
2479,2479,0.5
2480,2480,0.5
2481,2481,0.5
2482,2482,0.5
2483,2483,0.5
2484,2484,1.0
2485,2485,1.0
2486,2486,0.5
2487,2487,1.0
2488,2488,0.5
2489,2489,0.5
2490,2490,0.5
2491,2491,0.5
2492,2492,0.5
2493,2493,0.5
2494,2494,1.0
2495,2495,1.0
2496,2496,0.5
2497,2497,0.5
2498,2498,0.5
2499,2499,0.5
2500,2500,0.5
2501,2501,0.5
2502,2502,0.5
2503,2503,0.5
2504,2504,0.5
2505,2505,0.5
2506,2506,0.5
2507,2507,0.5
2508,2508,0.5
2509,2509,1.0
2510,2510,1.0
2511,2511,0.0
2512,2512,0.0
2513,2513,0.5
2514,2514,0.5
2515,2515,0.5
2516,2516,0.5
2517,2517,0.5
2518,2518,0.5
2519,2519,0.5
2520,2520,0.5
2521,2521,0.5
2522,2522,0.5
2523,2523,0.5
2524,2524,0.5
2525,2525,0.5
2526,2526,1.0
2527,2527,0.5
2528,2528,0.5
2529,2529,0.5
2530,2530,1.0
2531,2531,0.5
2532,2532,0.5
2533,2533,0.5
2534,2534,0.5
2535,2535,0.5
2536,2536,1.0
2537,2537,1.0
2538,2538,0.0
2539,2539,1.0
2540,2540,0.5
2541,2541,0.5
2542,2542,0.5
2543,2543,0.5
2544,2544,0.5
2545,2545,0.5
2546,2546,0.5
2547,2547,0.5
2548,2548,0.5
2549,2549,1.0
2550,2550,0.5
2551,2551,1.0
2552,2552,0.5
2553,2553,1.0
2554,2554,0.5
2555,2555,0.5
2556,2556,0.5
2557,2557,0.5
2558,2558,0.5
2559,2559,0.5
2560,2560,0.0
2561,2561,1.0
2562,2562,0.5
2563,2563,1.0
2564,2564,0.5
2565,2565,0.5
2566,2566,0.5
2567,2567,0.5
2568,2568,0.5
2569,2569,0.5
2570,2570,0.5
2571,2571,0.5
2572,2572,0.5
2573,2573,0.5
2574,2574,0.5
2575,2575,1.0
2576,2576,0.5
2577,2577,0.5
2578,2578,0.5
2579,2579,0.5
2580,2580,0.5
2581,2581,0.5
2582,2582,0.5
2583,2583,0.5
2584,2584,0.0
2585,2585,0.0
2586,2586,0.5
2587,2587,1.0
2588,2588,0.5
2589,2589,0.5
2590,2590,0.5
2591,2591,0.5
2592,2592,0.5
2593,2593,0.5
2594,2594,0.5
2595,2595,1.0
2596,2596,0.5
2597,2597,1.0
2598,2598,1.0
2599,2599,1.0
2600,2600,1.0
2601,2601,1.0
2602,2602,0.5
2603,2603,0.5
2604,2604,1.0
2605,2605,0.0
2606,2606,0.0
2607,2607,0.5
2608,2608,0.5
2609,2609,1.0
2610,2610,0.5
2611,2611,0.5
2612,2612,0.0
2613,2613,0.5
2614,2614,1.0
2615,2615,0.5
2616,2616,1.0
2617,2617,0.5
2618,2618,0.5
2619,2619,0.5
2620,2620,1.0
2621,2621,0.5
2622,2622,0.5
2623,2623,0.5
2624,2624,0.5
2625,2625,0.5
2626,2626,0.5
2627,2627,1.0
2628,2628,1.0
2629,2629,1.0
2630,2630,1.0
2631,2631,0.5
2632,2632,0.5
2633,2633,0.5
2634,2634,0.5
2635,2635,1.0
2636,2636,0.5
2637,2637,0.5
2638,2638,0.5
2639,2639,0.5
2640,2640,0.0
2641,2641,0.0
2642,2642,1.0
2643,2643,1.0
2644,2644,1.0
2645,2645,0.0
2646,2646,0.0
2647,2647,0.5
2648,2648,0.5
2649,2649,0.5
2650,2650,0.5
2651,2651,0.5
2652,2652,1.0
2653,2653,0.5
2654,2654,0.5
2655,2655,0.5
2656,2656,1.0
2657,2657,0.5
2658,2658,0.5
2659,2659,0.5
2660,2660,0.5
2661,2661,1.0
2662,2662,0.5
2663,2663,1.0
2664,2664,1.0
2665,2665,0.5
2666,2666,1.0
2667,2667,0.5
2668,2668,0.5
2669,2669,1.0
2670,2670,0.5
2671,2671,1.0
2672,2672,0.5
2673,2673,0.5
2674,2674,0.5
2675,2675,1.0
2676,2676,0.5
2677,2677,0.5
2678,2678,1.0
2679,2679,0.5
2680,2680,1.0
2681,2681,0.5
2682,2682,0.5
2683,2683,0.5
2684,2684,0.0
2685,2685,0.0
2686,2686,0.5
2687,2687,1.0
2688,2688,0.5
2689,2689,0.5
2690,2690,0.0
2691,2691,0.0
2692,2692,1.0
2693,2693,0.5
2694,2694,1.0
2695,2695,0.5
2696,2696,0.5
2697,2697,0.0
2698,2698,0.5
2699,2699,0.0
2700,2700,0.0
2701,2701,0.0
2702,2702,0.0
2703,2703,0.0
2704,2704,1.0
2705,2705,0.0
2706,2706,0.5
2707,2707,0.5
2708,2708,0.5
2709,2709,0.5
2710,2710,0.5
2711,2711,0.5
2712,2712,0.0
2713,2713,0.5
2714,2714,0.0
2715,2715,1.0
2716,2716,0.5
2717,2717,0.5
2718,2718,0.0
2719,2719,0.0
2720,2720,1.0
2721,2721,0.5
2722,2722,0.5
2723,2723,0.5
2724,2724,1.0
2725,2725,1.0
2726,2726,1.0
2727,2727,0.5
2728,2728,0.5
2729,2729,0.5
2730,2730,0.5
2731,2731,1.0
2732,2732,1.0
2733,2733,0.5
2734,2734,0.5
2735,2735,0.5
2736,2736,1.0
2737,2737,0.5
2738,2738,0.5
2739,2739,1.0
2740,2740,0.5
2741,2741,0.5
2742,2742,0.5
2743,2743,0.0
2744,2744,0.0
2745,2745,0.5
2746,2746,1.0
2747,2747,0.0
2748,2748,1.0
2749,2749,1.0
2750,2750,0.5
2751,2751,0.5
2752,2752,0.5
2753,2753,0.5
2754,2754,0.5
2755,2755,1.0
2756,2756,0.5
2757,2757,0.0
2758,2758,0.0
2759,2759,0.5
2760,2760,0.0
2761,2761,0.5
2762,2762,0.5
2763,2763,0.5
2764,2764,0.5
2765,2765,1.0
2766,2766,0.5
2767,2767,0.5
2768,2768,0.5
2769,2769,0.5
2770,2770,0.5
2771,2771,1.0
2772,2772,1.0
2773,2773,0.5
2774,2774,0.5
2775,2775,0.0
2776,2776,0.5
2777,2777,1.0
2778,2778,0.5
2779,2779,1.0
2780,2780,0.5
2781,2781,0.5
2782,2782,1.0
2783,2783,1.0
2784,2784,1.0
2785,2785,1.0
2786,2786,0.5
2787,2787,0.5
2788,2788,1.0
2789,2789,1.0
2790,2790,0.5
2791,2791,0.5
2792,2792,0.0
2793,2793,0.5
2794,2794,1.0
2795,2795,0.5
2796,2796,0.5
2797,2797,0.5
2798,2798,1.0
2799,2799,1.0
2800,2800,0.5
2801,2801,0.5
2802,2802,0.5
2803,2803,0.5
2804,2804,0.5
2805,2805,0.5
2806,2806,0.0
2807,2807,1.0
2808,2808,1.0
2809,2809,1.0
2810,2810,1.0
2811,2811,0.5
2812,2812,1.0
2813,2813,0.0
2814,2814,0.5
2815,2815,0.5
2816,2816,1.0
2817,2817,0.5
2818,2818,0.5
2819,2819,0.5
2820,2820,0.0
2821,2821,0.5
2822,2822,0.0
2823,2823,0.5
2824,2824,0.5
2825,2825,0.5
2826,2826,0.0
2827,2827,0.0
2828,2828,1.0
2829,2829,0.5
2830,2830,0.5
2831,2831,0.5
2832,2832,1.0
2833,2833,0.5
2834,2834,1.0
2835,2835,1.0
2836,2836,0.5
2837,2837,1.0
2838,2838,1.0
2839,2839,0.5
2840,2840,1.0
2841,2841,0.5
2842,2842,1.0
2843,2843,0.5
2844,2844,1.0
2845,2845,0.5
2846,2846,0.5
2847,2847,0.5
2848,2848,0.5
2849,2849,0.5
2850,2850,0.5
2851,2851,1.0
2852,2852,0.5
2853,2853,0.5
2854,2854,0.5
2855,2855,0.5
2856,2856,0.0
2857,2857,0.5
2858,2858,0.5
2859,2859,0.5
2860,2860,0.5
2861,2861,0.5
2862,2862,0.5
2863,2863,0.5
2864,2864,1.0
2865,2865,1.0
2866,2866,0.5
2867,2867,0.5
2868,2868,1.0
2869,2869,0.5
2870,2870,1.0
2871,2871,0.5
2872,2872,0.5
2873,2873,1.0
2874,2874,0.5
2875,2875,0.5
2876,2876,0.5
2877,2877,0.5
2878,2878,0.5
2879,2879,1.0
2880,2880,0.5
2881,2881,0.5
2882,2882,1.0
2883,2883,0.5
2884,2884,0.5
2885,2885,1.0
2886,2886,1.0
2887,2887,1.0
2888,2888,0.5
2889,2889,1.0
2890,2890,0.5
2891,2891,1.0
2892,2892,0.5
2893,2893,0.5
2894,2894,0.0
2895,2895,0.0
2896,2896,0.0
2897,2897,0.0
2898,2898,0.5
2899,2899,1.0
2900,2900,0.5
2901,2901,0.5
2902,2902,0.5
2903,2903,0.5
2904,2904,0.5
2905,2905,0.5
2906,2906,0.5
2907,2907,0.0
2908,2908,1.0
2909,2909,1.0
2910,2910,0.5
2911,2911,0.5
2912,2912,0.5
2913,2913,0.5
2914,2914,0.5
2915,2915,0.0
2916,2916,0.5
2917,2917,0.5
2918,2918,0.5
2919,2919,0.5
2920,2920,0.0
2921,2921,0.5
2922,2922,0.0
2923,2923,0.0
2924,2924,0.5
2925,2925,0.5
2926,2926,0.5
2927,2927,0.5
2928,2928,1.0
2929,2929,0.5
2930,2930,0.5
2931,2931,0.0
2932,2932,0.0
2933,2933,1.0
2934,2934,0.5
2935,2935,0.5
2936,2936,0.5
2937,2937,0.5
2938,2938,0.5
2939,2939,0.5
2940,2940,0.5
2941,2941,0.5
2942,2942,1.0
2943,2943,0.5
2944,2944,0.0
2945,2945,0.5
2946,2946,0.5
2947,2947,0.5
2948,2948,0.5
2949,2949,0.5
2950,2950,0.5
2951,2951,0.0
2952,2952,0.5
2953,2953,0.5
2954,2954,1.0
2955,2955,0.5
2956,2956,0.5
2957,2957,0.5
2958,2958,0.5
2959,2959,1.0
2960,2960,0.5
2961,2961,1.0
2962,2962,1.0
2963,2963,1.0
2964,2964,0.5
2965,2965,1.0
2966,2966,1.0
2967,2967,0.5
2968,2968,1.0
2969,2969,0.5
2970,2970,0.5
2971,2971,0.5
2972,2972,0.5
2973,2973,0.5
2974,2974,1.0
2975,2975,1.0
2976,2976,0.5
2977,2977,0.5
2978,2978,0.5
2979,2979,0.5
2980,2980,0.5
2981,2981,0.0
2982,2982,1.0
2983,2983,0.5
2984,2984,0.0
2985,2985,0.5
2986,2986,1.0
2987,2987,0.5
2988,2988,0.5
2989,2989,0.5
2990,2990,1.0
2991,2991,0.5
2992,2992,0.5
2993,2993,0.5
2994,2994,0.0
2995,2995,0.5
2996,2996,0.5
2997,2997,1.0
2998,2998,1.0
2999,2999,0.5
3000,3000,0.5
3001,3001,0.0
3002,3002,0.5
3003,3003,0.5
3004,3004,0.5
3005,3005,0.5
3006,3006,0.5
3007,3007,0.5
3008,3008,0.5
3009,3009,0.5
3010,3010,0.5
3011,3011,0.5
3012,3012,1.0
3013,3013,0.5
3014,3014,1.0
3015,3015,1.0
3016,3016,0.5
3017,3017,0.5
3018,3018,0.5
3019,3019,0.5
3020,3020,1.0
3021,3021,0.5
3022,3022,0.5
3023,3023,0.5
3024,3024,1.0
3025,3025,0.5
3026,3026,1.0
3027,3027,0.5
3028,3028,1.0
3029,3029,0.5
3030,3030,0.5
3031,3031,0.5
3032,3032,0.5
3033,3033,0.5
3034,3034,0.5
3035,3035,0.0
3036,3036,0.0
3037,3037,0.0
3038,3038,0.5
3039,3039,1.0
3040,3040,0.5
3041,3041,1.0
3042,3042,1.0
3043,3043,1.0
3044,3044,0.0
3045,3045,0.5
3046,3046,0.0
3047,3047,0.5
3048,3048,0.5
3049,3049,0.5
3050,3050,1.0
3051,3051,1.0
3052,3052,0.5
3053,3053,0.5
3054,3054,0.5
3055,3055,0.5
3056,3056,0.5
3057,3057,0.5
3058,3058,0.5
3059,3059,0.5
3060,3060,0.5
3061,3061,0.5
3062,3062,0.5
3063,3063,0.5
3064,3064,1.0
3065,3065,0.5
3066,3066,0.5
3067,3067,1.0
3068,3068,1.0
3069,3069,1.0
3070,3070,0.5
3071,3071,0.5
3072,3072,0.5
3073,3073,0.5
3074,3074,1.0
3075,3075,1.0
3076,3076,0.5
3077,3077,0.5
3078,3078,0.5
3079,3079,0.5
3080,3080,0.5
3081,3081,0.5
3082,3082,0.5
3083,3083,1.0
3084,3084,0.5
3085,3085,0.5
3086,3086,0.5
3087,3087,0.5
3088,3088,0.5
3089,3089,0.0
3090,3090,0.5
3091,3091,0.0
3092,3092,0.5
3093,3093,0.5
3094,3094,1.0
3095,3095,1.0
3096,3096,1.0
3097,3097,0.5
3098,3098,0.5
3099,3099,0.5
3100,3100,0.5
3101,3101,0.0
3102,3102,0.5
3103,3103,0.5
3104,3104,0.5
3105,3105,0.5
3106,3106,0.5
3107,3107,1.0
3108,3108,0.5
3109,3109,1.0
3110,3110,0.5
3111,3111,1.0
3112,3112,0.5
3113,3113,0.5
3114,3114,1.0
3115,3115,0.0
3116,3116,0.5
3117,3117,1.0
3118,3118,0.5
3119,3119,0.5
3120,3120,0.0
3121,3121,0.5
3122,3122,0.0
3123,3123,0.5
3124,3124,1.0
3125,3125,1.0
3126,3126,0.5
3127,3127,0.5
3128,3128,0.5
3129,3129,0.5
3130,3130,0.5
3131,3131,0.5
3132,3132,1.0
3133,3133,1.0
3134,3134,0.0
3135,3135,0.5
3136,3136,0.5
3137,3137,1.0
3138,3138,1.0
3139,3139,0.5
3140,3140,0.5
3141,3141,0.5
3142,3142,0.5
3143,3143,0.0
3144,3144,0.5
3145,3145,0.5
3146,3146,0.5
3147,3147,1.0
3148,3148,0.5
3149,3149,0.0
3150,3150,0.5
3151,3151,0.5
3152,3152,0.5
3153,3153,0.5
3154,3154,0.5
3155,3155,1.0
3156,3156,0.5
3157,3157,0.5
3158,3158,1.0
3159,3159,0.5
3160,3160,0.5
3161,3161,0.5
3162,3162,0.0
3163,3163,0.5
3164,3164,0.5
3165,3165,0.5
3166,3166,0.0
3167,3167,0.0
3168,3168,0.5
3169,3169,0.5
3170,3170,0.5
3171,3171,0.5
3172,3172,1.0
3173,3173,0.5
3174,3174,0.0
3175,3175,0.5
3176,3176,0.5
3177,3177,0.5
3178,3178,0.5
3179,3179,1.0
3180,3180,0.5
3181,3181,0.5
3182,3182,0.5
3183,3183,0.5
